{
  "env_id": "Hopper-v4",
  "n_episodes": 100,
  "episode_env_rewards": [
    1032.155051300442,
    1032.9028541343584,
    1031.9526043287751,
    1031.239778793485,
    1031.276658597244,
    1033.183015868458,
    1031.529183514041,
    1030.8031535320742,
    1031.546486844844,
    1031.4353111446196,
    1031.5804704311618,
    1031.270190669536,
    1030.201923028673,
    1031.9627407986393,
    1030.9378748357776,
    1032.2342089880729,
    1031.1923404252532,
    1033.1719295300634,
    1032.4806726081833,
    1031.0481896436718,
    1032.6013234778798,
    1030.5312270040777,
    1030.6028596686647,
    1030.6135074190763,
    1033.8393626328684,
    1032.6423395929953,
    1031.5845533740992,
    1031.8934151096155,
    1032.8292934217743,
    1032.3741201841017,
    1031.4578143045344,
    1031.6216068537644,
    1031.7789959303166,
    1032.493741592968,
    1032.5656466743812,
    1031.8196814125122,
    1030.7773661160509,
    1034.0115041190106,
    1031.570481068076,
    1031.6957442997443,
    1032.2639725414062,
    1033.7636763428595,
    1031.0739557989532,
    1031.8047129355937,
    1031.6350986662742,
    1032.9383236928084,
    1030.7973670931722,
    1030.0882972339605,
    1033.0633590354075,
    1032.2260278011115,
    1033.123993122408,
    1032.9590410781286,
    1033.501176913745,
    1032.247552343771,
    1032.023861051353,
    1030.3784915560495,
    1030.9632522836532,
    1030.3785262827937,
    1032.234613859538,
    1031.4844321167097,
    1032.091225227942,
    1031.5309971261906,
    1031.4919961754872,
    1032.964521925945,
    1032.8183852745706,
    1032.592299081144,
    1032.5175005797844,
    1032.2526942385773,
    1031.3295531968502,
    1030.9419220589746,
    1030.9238440413958,
    1031.3294326753503,
    1032.1077218141443,
    1032.3583624168932,
    1031.523497794881,
    1030.8746770654202,
    1032.6215580682274,
    1033.1324151492042,
    1030.4613666097996,
    1030.5206485588726,
    1031.5797924615188,
    1031.924285315448,
    1031.5514827349552,
    1031.4618826043636,
    1031.385261252064,
    1031.5005890434152,
    1031.931751329025,
    1031.544580176254,
    1031.9723028890846,
    1031.461960139745,
    1031.402512868252,
    1032.4764951489576,
    1030.738040675061,
    1030.8947177223624,
    1032.6572494418476,
    1032.1654013239954,
    1032.2649141154047,
    1030.1199584896256,
    1032.303882333555,
    1031.0953891487452
  ],
  "episode_lengths": [
    1000,
    1000,
    1000,
    1000,
    1000,
    1000,
    1000,
    1000,
    1000,
    1000,
    1000,
    1000,
    1000,
    1000,
    1000,
    1000,
    1000,
    1000,
    1000,
    1000,
    1000,
    1000,
    1000,
    1000,
    1000,
    1000,
    1000,
    1000,
    1000,
    1000,
    1000,
    1000,
    1000,
    1000,
    1000,
    1000,
    1000,
    1000,
    1000,
    1000,
    1000,
    1000,
    1000,
    1000,
    1000,
    1000,
    1000,
    1000,
    1000,
    1000,
    1000,
    1000,
    1000,
    1000,
    1000,
    1000,
    1000,
    1000,
    1000,
    1000,
    1000,
    1000,
    1000,
    1000,
    1000,
    1000,
    1000,
    1000,
    1000,
    1000,
    1000,
    1000,
    1000,
    1000,
    1000,
    1000,
    1000,
    1000,
    1000,
    1000,
    1000,
    1000,
    1000,
    1000,
    1000,
    1000,
    1000,
    1000,
    1000,
    1000,
    1000,
    1000,
    1000,
    1000,
    1000,
    1000,
    1000,
    1000,
    1000,
    1000
  ],
  "mean_return": 1031.811760233169,
  "mean_length": 1000.0,
  "success_rate": null
}