{
  "env_id": "Hopper-v4",
  "n_episodes": 100,
  "episode_env_rewards": [
    1634.6554302664913,
    1743.09327911331,
    1622.2596712446611,
    1626.5324358170412,
    1584.1508937930435,
    1626.1877956323879,
    1613.6757099232125,
    1626.5168099716025,
    1629.4975032751383,
    1626.9936435579818,
    1624.1858652052051,
    1608.8176378731728,
    1680.804690152045,
    1621.151784340032,
    1631.4985605312,
    1651.3337774649274,
    1626.8683081793001,
    1632.3070476413377,
    1629.46714294488,
    1677.7408981549313,
    1626.4709465334308,
    1622.11580764528,
    1627.15731903632,
    1627.9585528567782,
    1619.4090141438942,
    1609.219570343004,
    1620.397260018987,
    1616.9985714316363,
    1657.9712618210572,
    1630.1099616950676,
    1616.6268895794337,
    1623.678496382377,
    1625.5482384693867,
    1618.582327652211,
    1625.2329413645562,
    1653.991404743386,
    1633.1961716452984,
    1661.5223354279447,
    1675.3195854482542,
    1624.0589437678404,
    1655.4020316056215,
    1619.5587085552459,
    1625.8689658286546,
    1623.1361440322453,
    1623.5305409176074,
    1627.0952511463336,
    1627.523868975557,
    1627.2652931493017,
    1655.5112960084189,
    1563.739607604756,
    1628.5675805207588,
    1620.8610282402979,
    1637.649404446718,
    1633.3964698776601,
    1628.836351437707,
    1620.5358013506361,
    1622.1478035180303,
    1626.929618027082,
    1650.3153674269995,
    1623.3281684758072,
    1620.089477241122,
    1667.9543218375395,
    1679.8220178900838,
    1629.2827186956183,
    1628.7228046453042,
    1626.1099708889594,
    1629.2384146387492,
    1627.0996600564624,
    1626.42368616668,
    1633.3305918651467,
    1620.9774178788946,
    1661.7404068921367,
    1631.4834257797766,
    1577.2783858654252,
    1624.686828149265,
    1629.5648873461218,
    1621.5578793719774,
    1631.6915699642104,
    1629.682870712296,
    1626.362083295534,
    1511.1420830510524,
    1623.714315086569,
    1598.9404969223835,
    1624.1253148204396,
    1660.0807812263754,
    1582.4924407910626,
    1621.8858964464157,
    1620.3771762609624,
    1622.7935138916496,
    1651.3992963456465,
    1641.1366186877403,
    1617.7921783007514,
    1627.0258823550053,
    1597.1020404528276,
    1626.7431495817966,
    1620.3579309766756,
    1631.486021430982,
    1632.6106036714518,
    1629.210317056539,
    1626.1521809004107
  ],
  "episode_lengths": [
    507,
    540,
    509,
    506,
    477,
    502,
    486,
    509,
    508,
    512,
    507,
    485,
    524,
    511,
    509,
    515,
    502,
    505,
    507,
    525,
    506,
    505,
    508,
    507,
    492,
    485,
    507,
    509,
    516,
    505,
    511,
    508,
    505,
    507,
    503,
    513,
    503,
    518,
    520,
    508,
    516,
    508,
    498,
    500,
    507,
    507,
    504,
    507,
    516,
    470,
    510,
    509,
    513,
    511,
    503,
    507,
    508,
    508,
    518,
    508,
    510,
    524,
    523,
    512,
    501,
    507,
    506,
    506,
    510,
    514,
    509,
    521,
    511,
    474,
    500,
    503,
    507,
    505,
    504,
    509,
    456,
    508,
    481,
    510,
    519,
    476,
    504,
    510,
    508,
    517,
    514,
    511,
    500,
    481,
    507,
    508,
    502,
    501,
    502,
    499
  ],
  "mean_return": 1628.6417144367153,
  "mean_length": 505.8,
  "success_rate": null
}