{
  "env_id": "Ant-v4",
  "n_episodes": 100,
  "episode_env_rewards": [
    -2027.7294988685455,
    -2027.2380646496463,
    -2029.483560235801,
    -2026.7223403549172,
    -2029.5878547222642,
    -2026.0014939415935,
    -2026.6574675718648,
    -2026.4787072626584,
    -2026.1917636812502,
    -2026.6508522330762,
    -2027.8731248838092,
    -2026.2579528859742,
    -2028.2188370767024,
    -2027.2776318860358,
    -2029.411640258394,
    -2025.087912685066,
    -2029.7821991089734,
    -2025.1540164926048,
    -2029.3434733795023,
    -2025.6631854152592,
    -2029.2365477007927,
    -2026.6714082343542,
    -2027.9531329317429,
    -2028.108103030712,
    -2030.6641583291844,
    -2030.904694872284,
    -2026.1141771092446,
    -2025.8109046960747,
    -2026.7817905238787,
    -2028.9223693099282,
    -2028.3211666789175,
    -2026.3167789906774,
    -2025.9871604658579,
    -2025.7030399648986,
    -2026.8120309110236,
    -2028.892607350549,
    -2029.0037605595696,
    -2026.3541417147162,
    -2027.4172102190455,
    -2027.4907270117506,
    -2029.298442129825,
    -2028.3218912051507,
    -2026.05824304403,
    -2027.6454501671594,
    -2028.9582375781906,
    -2028.0417890244573,
    -2027.411339342762,
    -2027.1317407665854,
    -2027.2374119038705,
    -2027.4164284137094,
    -2025.3651814535174,
    -2027.6636006735182,
    -2027.8293935697936,
    -2027.7111918966582,
    -2027.6314262712983,
    -2027.9400678206334,
    -2027.8673138555757,
    -2028.05793852294,
    -2026.355793144056,
    -2026.5421795295279,
    -2030.3418589462703,
    -2028.233721071665,
    -2028.2287694220188,
    -2030.3974796396478,
    -2024.865071514403,
    -2029.2482458863549,
    -2026.6635004372083,
    -2027.1061600569378,
    -2028.022054998617,
    -2029.2552616007717,
    -2027.9290154713342,
    -2027.235171698847,
    -2028.7895237415266,
    -2029.0587269615157,
    -2026.290567527667,
    -2026.6301281739643,
    -2027.0737818552839,
    -2027.0015117150717,
    -2026.6986355881609,
    -2025.4622538249782,
    -2028.0289363835436,
    -2028.6081965737385,
    -2027.6140709905349,
    -2026.5484606005127,
    -2030.1635721196924,
    -2026.5888338212926,
    -2029.4482466773627,
    -2026.5951337895558,
    -2027.000485527843,
    -2025.9312381560246,
    -2028.164881155415,
    -2029.4454002689806,
    -2030.1121228746483,
    -2024.1146131987894,
    -2027.3448758812908,
    -2026.821725621245,
    -2027.6248168783957,
    -2027.8140999635489,
    -2026.2390669545844,
    -2028.5979520321266
  ],
  "episode_lengths": [
    1000,
    1000,
    1000,
    1000,
    1000,
    1000,
    1000,
    1000,
    1000,
    1000,
    1000,
    1000,
    1000,
    1000,
    1000,
    1000,
    1000,
    1000,
    1000,
    1000,
    1000,
    1000,
    1000,
    1000,
    1000,
    1000,
    1000,
    1000,
    1000,
    1000,
    1000,
    1000,
    1000,
    1000,
    1000,
    1000,
    1000,
    1000,
    1000,
    1000,
    1000,
    1000,
    1000,
    1000,
    1000,
    1000,
    1000,
    1000,
    1000,
    1000,
    1000,
    1000,
    1000,
    1000,
    1000,
    1000,
    1000,
    1000,
    1000,
    1000,
    1000,
    1000,
    1000,
    1000,
    1000,
    1000,
    1000,
    1000,
    1000,
    1000,
    1000,
    1000,
    1000,
    1000,
    1000,
    1000,
    1000,
    1000,
    1000,
    1000,
    1000,
    1000,
    1000,
    1000,
    1000,
    1000,
    1000,
    1000,
    1000,
    1000,
    1000,
    1000,
    1000,
    1000,
    1000,
    1000,
    1000,
    1000,
    1000,
    1000
  ],
  "mean_return": -2027.5810071811377,
  "mean_length": 1000.0,
  "success_rate": null
}