{
  "env_id": "Ant-v4",
  "n_episodes": 100,
  "episode_env_rewards": [
    249.17338090786257,
    312.2494491199679,
    214.78390306595932,
    30.6873351295688,
    430.187943895352,
    -298.4737036447334,
    286.06805643324526,
    299.705315097974,
    -150.3176158555051,
    -12.535715225237269,
    176.57660577688085,
    137.91693243788836,
    -570.7264693448835,
    349.33675724664096,
    -166.26646512921627,
    458.63976238625685,
    112.95728781530926,
    476.53428464098954,
    30.4329404523371,
    496.42489170558247,
    193.66436989373614,
    -161.6624621303833,
    -285.35068095754593,
    373.36395560449307,
    324.0077023797211,
    111.98640583024618,
    370.91260810587966,
    -120.53022691667547,
    333.2185545889166,
    408.2876563138501,
    124.04011014175427,
    17.541921059506137,
    390.86228335653004,
    424.65107869136773,
    -30.51646493220114,
    -53.95922211480092,
    442.059612948397,
    97.96127985830556,
    341.87870981877415,
    -745.3144971328304,
    200.94735269225058,
    153.7254164870016,
    286.64416987984737,
    467.00960676954367,
    468.2670409315723,
    101.25651933974943,
    19.395766210098458,
    224.4128197455566,
    323.2491809705115,
    434.52318182147974,
    345.3690876529341,
    354.8772504821611,
    556.4419150523381,
    173.34279648217625,
    -825.6852219021866,
    81.55823520865381,
    354.5067367708265,
    260.7649842518849,
    301.6165354904026,
    335.6134821529171,
    151.36005037208037,
    398.67536388578753,
    450.7516526463868,
    383.3156872781966,
    304.7327701140987,
    44.08211843506518,
    -275.87372436008854,
    185.83755105589506,
    18.325534051533218,
    122.04502174234803,
    342.546330346819,
    478.06468664324484,
    347.3334961396721,
    214.7166357897479,
    219.23542904484313,
    -494.6073024496268,
    109.8140109251336,
    227.7918354097985,
    360.0703503679026,
    211.68247518405923,
    -258.9456061547438,
    509.64670684011173,
    16.76685750825993,
    472.9427511189564,
    -353.4688221454382,
    327.8907042758742,
    -566.3793686403674,
    272.92898548250264,
    461.9500035007824,
    456.4800139477742,
    113.33145178552682,
    297.426700038086,
    -185.94102497095093,
    263.64308616376354,
    -779.9286781416222,
    222.66817635343637,
    419.4905333060816,
    64.61334693645722,
    274.5506909704021,
    333.6925718101007
  ],
  "episode_lengths": [
    677,
    1000,
    1000,
    95,
    1000,
    1000,
    1000,
    1000,
    1000,
    59,
    1000,
    1000,
    1000,
    1000,
    1000,
    1000,
    1000,
    1000,
    218,
    1000,
    554,
    1000,
    1000,
    1000,
    1000,
    413,
    1000,
    1000,
    1000,
    1000,
    383,
    1000,
    1000,
    862,
    66,
    1000,
    1000,
    468,
    1000,
    1000,
    954,
    1000,
    1000,
    1000,
    1000,
    1000,
    420,
    371,
    1000,
    1000,
    1000,
    1000,
    1000,
    657,
    1000,
    294,
    952,
    891,
    926,
    1000,
    473,
    1000,
    1000,
    1000,
    1000,
    66,
    1000,
    413,
    58,
    585,
    687,
    1000,
    1000,
    497,
    1000,
    1000,
    1000,
    1000,
    1000,
    1000,
    1000,
    1000,
    116,
    1000,
    1000,
    1000,
    1000,
    1000,
    1000,
    1000,
    260,
    1000,
    1000,
    1000,
    1000,
    615,
    1000,
    1000,
    974,
    1000
  ],
  "mean_return": 162.01553480416888,
  "mean_length": 850.04,
  "success_rate": null
}