{
  "env_id": "HalfCheetah-v4",
  "n_episodes": 100,
  "episode_env_rewards": [
    -0.5505097196142426,
    -0.684747043771379,
    1.368585953999379,
    0.048273945745926944,
    -0.6406736638515842,
    -1.5065540208825925,
    -0.46201100471992884,
    -0.825158832928468,
    -1.306820274242441,
    -0.8940581457544505,
    -0.1385602476184498,
    0.27169776823430636,
    -0.29470895116932,
    0.4609236075186603,
    -0.48037530054626115,
    -0.7848451571012209,
    -0.6475061850345352,
    0.7363000097782861,
    -0.19440167992296664,
    0.37612208438100997,
    0.5663345980632879,
    1.0549127039440027,
    0.27706612519932755,
    -0.935453809294589,
    -0.8751026387871774,
    -0.43337114002917776,
    -0.3159182918222844,
    -0.78748478072615,
    -0.6654429494801557,
    -0.49246327934169554,
    -0.8808234142934763,
    0.7175749457586897,
    -0.47014338219763546,
    -0.291013988053783,
    -1.0886961661688963,
    -0.12888355730343248,
    -1.1448916736809207,
    0.3191052895356311,
    0.3193637006653274,
    -0.7278574830654689,
    -0.8246976593773288,
    0.5561350458708582,
    0.6316326617742642,
    -0.5462156526646604,
    -0.48425770460313755,
    -0.43822909650819464,
    0.29610156489382755,
    -1.0757489501749415,
    -1.1769169852304628,
    -1.113415374395379,
    -1.192535558190068,
    -0.5610356663491337,
    0.15011645545423985,
    -0.4668035092857137,
    0.032404727122265053,
    -0.9588689917327546,
    -0.16354496059946405,
    -0.5043577633205141,
    -2.2623697956908906,
    0.045237448340951614,
    0.9728828971191947,
    -0.9170813494463612,
    -0.566232777570698,
    -0.7368172501880421,
    -0.016449124070963383,
    -0.2247029942081455,
    -0.9837745104695866,
    0.10350996020604004,
    -0.6193918961326585,
    -1.222505280621879,
    -0.12519111743801004,
    -0.769962307883397,
    0.3264682704084947,
    -0.4245812531768849,
    -1.0459201113910073,
    0.1343913584333432,
    -1.2747657828852368,
    -0.4102222305907575,
    -0.22054310921456782,
    -0.7832444257761467,
    0.4230708266464349,
    -0.34683161065275997,
    0.10347383244176499,
    -0.24074368384296593,
    0.07601251931138775,
    -0.8728893998635916,
    -0.5524735960699501,
    0.21128308483527516,
    -1.401521283876095,
    0.10512073408802164,
    0.4572908160704197,
    -0.3870314389479418,
    -0.5148869787076531,
    -0.3314177803242828,
    0.0515020918369703,
    -0.7626121579980677,
    -1.2081256553950919,
    -0.7290997257944803,
    0.33224168834663625,
    0.7038185952042654
  ],
  "episode_lengths": [
    1000,
    1000,
    1000,
    1000,
    1000,
    1000,
    1000,
    1000,
    1000,
    1000,
    1000,
    1000,
    1000,
    1000,
    1000,
    1000,
    1000,
    1000,
    1000,
    1000,
    1000,
    1000,
    1000,
    1000,
    1000,
    1000,
    1000,
    1000,
    1000,
    1000,
    1000,
    1000,
    1000,
    1000,
    1000,
    1000,
    1000,
    1000,
    1000,
    1000,
    1000,
    1000,
    1000,
    1000,
    1000,
    1000,
    1000,
    1000,
    1000,
    1000,
    1000,
    1000,
    1000,
    1000,
    1000,
    1000,
    1000,
    1000,
    1000,
    1000,
    1000,
    1000,
    1000,
    1000,
    1000,
    1000,
    1000,
    1000,
    1000,
    1000,
    1000,
    1000,
    1000,
    1000,
    1000,
    1000,
    1000,
    1000,
    1000,
    1000,
    1000,
    1000,
    1000,
    1000,
    1000,
    1000,
    1000,
    1000,
    1000,
    1000,
    1000,
    1000,
    1000,
    1000,
    1000,
    1000,
    1000,
    1000,
    1000,
    1000
  ],
  "mean_return": -0.3587753797083406,
  "mean_length": 1000.0,
  "success_rate": null
}