{
  "env_id": "HalfCheetah-v4",
  "n_episodes": 100,
  "episode_env_rewards": [
    2321.577764459314,
    2322.70746286808,
    2322.571928047197,
    2330.2715427670914,
    2323.4890736781335,
    2316.6044738414907,
    2315.888479117496,
    2318.307517199547,
    2312.783026259806,
    2304.2601336676294,
    2318.7610593209083,
    2339.230124884974,
    2333.6405177472234,
    2328.4988301496187,
    2316.2358198418074,
    2317.5510743908667,
    2318.6618424151907,
    2315.2618206343745,
    2324.090376806689,
    2319.2424616886274,
    2295.9508257407365,
    2321.0457788345548,
    2309.985320090792,
    2312.4678703242053,
    2317.7752477984423,
    2313.748839578212,
    2323.635583074199,
    2312.1268999818967,
    2319.632296807994,
    2316.5220214196606,
    2318.7079757315464,
    2324.156513927798,
    2300.5108976633283,
    2322.5053270585195,
    2318.676111063889,
    2312.638817005188,
    2325.1307798170346,
    2320.809516109122,
    2308.9285897513632,
    2321.4531254462036,
    2321.035874522308,
    2331.848777314304,
    2320.9542574056136,
    2303.4710304610894,
    2316.489264954953,
    2306.6156881501706,
    2325.9447205818387,
    2310.2804142464174,
    2332.8752426696715,
    2316.8634676074944,
    2322.5163289861603,
    2310.263922200392,
    2333.712229132536,
    2319.2933033784248,
    2317.1018869574473,
    2312.0052881425245,
    2313.3970765421213,
    2302.8986222473272,
    2328.011578899589,
    2336.0261714561902,
    2325.436459748002,
    2320.033328701869,
    2308.5302294155044,
    2309.8409459649574,
    2319.347163732646,
    2305.4729133654146,
    2334.8470364492523,
    2319.344146052097,
    2321.1225659964894,
    2326.7328766529213,
    2316.9488609566833,
    2309.113997329743,
    2295.249599917549,
    2309.6878156557805,
    2315.089461662,
    2320.5918238608247,
    2311.037766551037,
    2318.3273827224507,
    2311.560014165083,
    2294.103082861086,
    2321.3459332321027,
    2323.191908741982,
    2312.048103426876,
    2329.5112565605145,
    2302.0839386246694,
    2330.766811722569,
    2327.4036738710897,
    2324.0864178127304,
    2320.0578156067036,
    2324.661537564961,
    2325.4079530063273,
    2326.8089030169385,
    2326.104533871121,
    2333.693787956079,
    2298.59128101244,
    2321.678055279918,
    2314.3464116821715,
    2312.501091157513,
    2319.6301384669446,
    2317.7092403478596
  ],
  "episode_lengths": [
    1000,
    1000,
    1000,
    1000,
    1000,
    1000,
    1000,
    1000,
    1000,
    1000,
    1000,
    1000,
    1000,
    1000,
    1000,
    1000,
    1000,
    1000,
    1000,
    1000,
    1000,
    1000,
    1000,
    1000,
    1000,
    1000,
    1000,
    1000,
    1000,
    1000,
    1000,
    1000,
    1000,
    1000,
    1000,
    1000,
    1000,
    1000,
    1000,
    1000,
    1000,
    1000,
    1000,
    1000,
    1000,
    1000,
    1000,
    1000,
    1000,
    1000,
    1000,
    1000,
    1000,
    1000,
    1000,
    1000,
    1000,
    1000,
    1000,
    1000,
    1000,
    1000,
    1000,
    1000,
    1000,
    1000,
    1000,
    1000,
    1000,
    1000,
    1000,
    1000,
    1000,
    1000,
    1000,
    1000,
    1000,
    1000,
    1000,
    1000,
    1000,
    1000,
    1000,
    1000,
    1000,
    1000,
    1000,
    1000,
    1000,
    1000,
    1000,
    1000,
    1000,
    1000,
    1000,
    1000,
    1000,
    1000,
    1000,
    1000
  ],
  "mean_return": 2318.216950775902,
  "mean_length": 1000.0,
  "success_rate": null
}