{
  "env_id": "HalfCheetah-v4",
  "task": "halfcheetah",
  "config": {
    "env_id": "HalfCheetah-v4",
    "task_name": "halfcheetah",
    "n_queries": 2,
    "segment_length": 50,
    "reward_epochs": 3,
    "ppo_steps": 1000,
    "eval_every": 1,
    "rounds": 1,
    "artifact_dir": "artifacts",
    "progress_bar": false,
    "llm_model": "gpt-4o-mini",
    "verbose": true,
    "lambda_smooth": 0.05,
    "dynamic_batch": false
  },
  "rounds": 1,
  "ppo_steps": 1000,
  "lambda_smooth": 0.05,
  "eval": [
    {
      "round": 1,
      "alpha": 1.0,
      "n_eval_episodes": 100,
      "episode_env_reward": -0.3154111579130283,
      "episode_env_reward_std": 0.6986466372691984,
      "episode_length": 1000.0,
      "episode_length_std": 0.0,
      "success_rate": null,
      "component_means": {
        "action_cost": -0.15261584724281854,
        "forward_speed": -0.17812246861351094,
        "stability_penalty": -22.21224359711243
      },
      "loss": 2.0912519256273905,
      "n_labels": 12,
      "episode_env_rewards": [
        -0.3108144567675152,
        -0.49681836156351916,
        -1.462820525158084,
        -1.8269600792231935,
        -0.8260368636545642,
        0.8871250862645652,
        0.11921848431477824,
        0.49330100674526656,
        1.126245226187462,
        -0.2431896015054006,
        -0.01222592157203306,
        -1.5001965673048878,
        -0.5825727393386162,
        1.200339290399033,
        -0.5717392910767493,
        -0.245705186266764,
        0.9105897297654587,
        0.777550690808611,
        -1.666401991662784,
        0.9015609764398929,
        0.03998197228770903,
        -1.193481246113412,
        -1.0221056330766238,
        0.019360532834146682,
        -0.8670479294305171,
        -1.1440865311935826,
        -1.135081072863766,
        0.5758803593912654,
        0.2552355924057132,
        0.24230104580595807,
        -1.0676436747694908,
        -0.17476339259908308,
        0.40187157632455284,
        -0.7468415915190714,
        -0.5858174202444639,
        0.10689244372869261,
        -0.1619621325588056,
        -0.655690990396929,
        -0.8217894189589845,
        -0.997150259338303,
        0.7524550451396662,
        -0.32035789726909036,
        1.044806840373546,
        -0.20122332663996814,
        0.5445517344822853,
        -0.7754551770604401,
        0.36048918708535005,
        0.2585232498069387,
        -0.24081595106889944,
        -0.2934030424437959,
        -1.8960294240304036,
        -0.6221108558697885,
        0.3846974518681648,
        -0.110542851211681,
        -1.8822356323032872,
        -1.5569225214430125,
        -0.24849437015814146,
        -0.07195120375827732,
        -0.31312634652746685,
        -0.15404197718554657,
        -0.3305199041756608,
        -0.7466801800215979,
        0.3648494194243649,
        -0.8924522133446335,
        -0.29312476750341887,
        -0.32345980442954314,
        0.22408115858284997,
        0.10974935210950329,
        -0.44827926166391713,
        0.060295200442591346,
        0.2957310691591661,
        0.21236954179231682,
        -0.20324426801176543,
        -1.3962691276420778,
        -0.8666534276229411,
        -0.2113793843687901,
        0.08184030128267387,
        0.1587581040086129,
        -0.2998001258248125,
        -1.3589582103254934,
        -0.9126545013923231,
        -1.2110965651039582,
        0.0970259800062056,
        -1.0836124687934638,
        -0.8609961913994948,
        -0.7400146920367184,
        -0.2987116812390623,
        -0.21670336877451818,
        -0.42497857525592597,
        -1.2562628667860305,
        0.1279836746135716,
        -0.43200346107660614,
        0.30512450957618004,
        -0.7572323944988565,
        0.06987442281658957,
        -1.1290436581885457,
        0.6645664039574491,
        -0.19488492691895223,
        0.4096378135848315,
        -0.23131078359273602
      ],
      "episode_lengths": [
        1000,
        1000,
        1000,
        1000,
        1000,
        1000,
        1000,
        1000,
        1000,
        1000,
        1000,
        1000,
        1000,
        1000,
        1000,
        1000,
        1000,
        1000,
        1000,
        1000,
        1000,
        1000,
        1000,
        1000,
        1000,
        1000,
        1000,
        1000,
        1000,
        1000,
        1000,
        1000,
        1000,
        1000,
        1000,
        1000,
        1000,
        1000,
        1000,
        1000,
        1000,
        1000,
        1000,
        1000,
        1000,
        1000,
        1000,
        1000,
        1000,
        1000,
        1000,
        1000,
        1000,
        1000,
        1000,
        1000,
        1000,
        1000,
        1000,
        1000,
        1000,
        1000,
        1000,
        1000,
        1000,
        1000,
        1000,
        1000,
        1000,
        1000,
        1000,
        1000,
        1000,
        1000,
        1000,
        1000,
        1000,
        1000,
        1000,
        1000,
        1000,
        1000,
        1000,
        1000,
        1000,
        1000,
        1000,
        1000,
        1000,
        1000,
        1000,
        1000,
        1000,
        1000,
        1000,
        1000,
        1000,
        1000,
        1000,
        1000
      ],