{
  "env_id": "Swimmer-v4",
  "n_episodes": 100,
  "episode_env_rewards": [
    11.725731320031702,
    13.960509124588855,
    12.446926209094714,
    14.457477669499228,
    15.719990679758869,
    13.151869828478047,
    13.050822348544525,
    13.142914054233675,
    13.491119540715372,
    14.252578560765613,
    12.00623548611446,
    12.73355724233172,
    13.666132244620075,
    15.784431572561495,
    15.375432328010953,
    14.380426931635006,
    12.784142815781307,
    14.043163966363526,
    16.201712807794117,
    15.717097186037211,
    13.248929115500202,
    15.856991092924572,
    12.672279632866882,
    15.27150649132807,
    12.89433862733067,
    15.628742593759549,
    15.076015544034707,
    16.11363057114113,
    14.777423471214309,
    11.42579610250305,
    11.80728824778689,
    14.74888271019753,
    15.547653606458052,
    11.775762648829419,
    13.874496280892878,
    11.977243494100449,
    16.230828036688727,
    12.844721690489179,
    14.896528578569265,
    13.161739049324558,
    14.41558816348492,
    11.819475397637426,
    15.818520335333094,
    15.993960678961395,
    13.914343604043674,
    12.852898864192529,
    14.496201031340672,
    14.660385301084032,
    15.722300880084578,
    15.852553809069082,
    15.697794844596118,
    12.906423341788578,
    14.983548958834573,
    12.064606463123758,
    13.69297146803992,
    14.957364232573024,
    13.148121615885856,
    16.345595260058072,
    10.868206463823238,
    16.328173550865525,
    14.74497862696298,
    12.055376276695158,
    13.90256974136608,
    15.60586393146311,
    15.024798347709357,
    16.373957752375073,
    13.750458392889653,
    14.41167959019428,
    11.386909131850615,
    16.800156166948682,
    13.648323961863799,
    14.270239885133977,
    14.623312357705007,
    14.036214402987907,
    16.129524951439237,
    13.860309639331245,
    13.91955168133984,
    14.944252542687472,
    15.51697790364362,
    14.562213422537283,
    11.55060399497043,
    14.296059055586289,
    15.564818353605109,
    15.811423616395931,
    12.816854151106341,
    14.532122846650376,
    14.974426758351127,
    13.999066572344704,
    14.802003030086222,
    12.749170472056399,
    15.433204901777014,
    14.5293271578658,
    14.547137423363083,
    15.428199286484753,
    17.15393098310548,
    14.580324329761998,
    10.10867561880006,
    18.33986722060753,
    12.764349551539652,
    13.877100515084194
  ],
  "episode_lengths": [
    1000,
    1000,
    1000,
    1000,
    1000,
    1000,
    1000,
    1000,
    1000,
    1000,
    1000,
    1000,
    1000,
    1000,
    1000,
    1000,
    1000,
    1000,
    1000,
    1000,
    1000,
    1000,
    1000,
    1000,
    1000,
    1000,
    1000,
    1000,
    1000,
    1000,
    1000,
    1000,
    1000,
    1000,
    1000,
    1000,
    1000,
    1000,
    1000,
    1000,
    1000,
    1000,
    1000,
    1000,
    1000,
    1000,
    1000,
    1000,
    1000,
    1000,
    1000,
    1000,
    1000,
    1000,
    1000,
    1000,
    1000,
    1000,
    1000,
    1000,
    1000,
    1000,
    1000,
    1000,
    1000,
    1000,
    1000,
    1000,
    1000,
    1000,
    1000,
    1000,
    1000,
    1000,
    1000,
    1000,
    1000,
    1000,
    1000,
    1000,
    1000,
    1000,
    1000,
    1000,
    1000,
    1000,
    1000,
    1000,
    1000,
    1000,
    1000,
    1000,
    1000,
    1000,
    1000,
    1000,
    1000,
    1000,
    1000,
    1000
  ],
  "mean_return": 14.21888438314388,
  "mean_length": 1000.0,
  "success_rate": null
}