{
  "env_id": "Swimmer-v4",
  "n_episodes": 100,
  "episode_env_rewards": [
    311.183088460348,
    312.05220191785725,
    312.0679262042273,
    309.6691372441395,
    310.77445911300936,
    310.16407239167967,
    310.4182726855743,
    310.02236281286315,
    312.307249939675,
    309.29855456438565,
    310.9793981980751,
    310.8544563828218,
    312.787062079495,
    308.72855633311303,
    310.83758935409037,
    312.31542085146805,
    309.15214794351095,
    310.9652808507848,
    311.1597533116697,
    310.4899109960956,
    311.43113973413165,
    313.01861163650017,
    312.71730195804594,
    310.6326992291282,
    309.98765913745643,
    312.4456084580036,
    309.45489827500205,
    310.22379464253356,
    311.3825629736758,
    310.90563756614307,
    311.8620205354345,
    309.60191188896624,
    309.00401084877575,
    312.3076424231948,
    309.99277166750187,
    311.59141533626735,
    309.6249989595878,
    309.7473400110404,
    312.07934615489324,
    310.42900173911954,
    308.94805802350885,
    308.84262273453277,
    311.7430329812532,
    311.149089103494,
    313.04992135679686,
    310.10815345632676,
    311.5055745776419,
    309.8254563285129,
    309.94148659250624,
    312.50820620609875,
    310.8425708797366,
    312.73448613252026,
    313.13135244801003,
    310.5865283557184,
    312.676032520896,
    309.0307624195028,
    308.77083907324425,
    309.9891785440612,
    311.9343410327623,
    310.0371853240849,
    310.9602210509214,
    310.81767935528546,
    311.5774078807513,
    309.87449326824503,
    312.3897343131778,
    312.55116441409746,
    311.45129042177433,
    311.1851123803429,
    312.3224238877486,
    310.7575652671037,
    311.82283655268145,
    310.91137711154914,
    310.779532338211,
    310.8857807285772,
    311.8979822392705,
    309.2139293965022,
    310.8794688904026,
    311.4428462218743,
    309.915625000296,
    311.82164314097207,
    311.8137211098039,
    312.03880956540837,
    309.8488474202133,
    311.0368567755298,
    310.10604706768635,
    311.08273188885556,
    312.29760662158077,
    310.93439734078686,
    310.70450605877886,
    311.50728477008465,
    311.66389095922807,
    312.23234426871164,
    311.26614537344864,
    310.1935903485116,
    312.29132326364015,
    310.5620299586853,
    311.20138557314584,
    311.11864885329584,
    309.5065680867396,
    309.00573943193723
  ],
  "episode_lengths": [
    1000,
    1000,
    1000,
    1000,
    1000,
    1000,
    1000,
    1000,
    1000,
    1000,
    1000,
    1000,
    1000,
    1000,
    1000,
    1000,
    1000,
    1000,
    1000,
    1000,
    1000,
    1000,
    1000,
    1000,
    1000,
    1000,
    1000,
    1000,
    1000,
    1000,
    1000,
    1000,
    1000,
    1000,
    1000,
    1000,
    1000,
    1000,
    1000,
    1000,
    1000,
    1000,
    1000,
    1000,
    1000,
    1000,
    1000,
    1000,
    1000,
    1000,
    1000,
    1000,
    1000,
    1000,
    1000,
    1000,
    1000,
    1000,
    1000,
    1000,
    1000,
    1000,
    1000,
    1000,
    1000,
    1000,
    1000,
    1000,
    1000,
    1000,
    1000,
    1000,
    1000,
    1000,
    1000,
    1000,
    1000,
    1000,
    1000,
    1000,
    1000,
    1000,
    1000,
    1000,
    1000,
    1000,
    1000,
    1000,
    1000,
    1000,
    1000,
    1000,
    1000,
    1000,
    1000,
    1000,
    1000,
    1000,
    1000,
    1000
  ],
  "mean_return": 310.9589274149736,
  "mean_length": 1000.0,
  "success_rate": null
}