{
  "env_id": "Pendulum-v1",
  "n_episodes": 100,
  "episode_env_rewards": [
    -1362.162587093148,
    -1717.637546881691,
    -1497.960414320302,
    -1651.3324094459592,
    -1492.642875291483,
    -1574.1054815550801,
    -1673.7323970111684,
    -1537.7421771894408,
    -1637.6519900995945,
    -1471.3032240796524,
    -1727.0978500947374,
    -1693.4548712432613,
    -1373.8188349476318,
    -1624.8038785154095,
    -1450.852133026167,
    -1652.4267795237845,
    -1291.290181138376,
    -1657.1224442627483,
    -1494.4044928899923,
    -1485.456631303472,
    -1678.2947643040395,
    -1274.7503542797901,
    -1681.9391667238901,
    -1491.96056588428,
    -1373.8108509580086,
    -1326.4227325361544,
    -1480.054628594208,
    -1573.414527714242,
    -1311.5339226345618,
    -1674.909415134001,
    -1720.545662063668,
    -1492.3609858119153,
    -1678.976067772887,
    -1377.1036606847292,
    -1234.3115174103486,
    -1431.5813160743594,
    -1353.268481111778,
    -1401.3194159604473,
    -1495.5443620466488,
    -1338.0511303575947,
    -1603.6979650967653,
    -1416.3496623879655,
    -1348.9095597375583,
    -1244.366558036472,
    -1712.4685032217585,
    -1356.118303021527,
    -1699.4843217377713,
    -1427.1187125879972,
    -1571.3150738185825,
    -1723.9109909135625,
    -1484.635955841606,
    -1362.0618777881996,
    -1610.9664669724102,
    -1670.4153993446703,
    -1357.793267172788,
    -1491.348071942062,
    -1691.7162848526139,
    -1595.8108254001897,
    -1382.577526209579,
    -1517.331209938449,
    -1671.3612812376725,
    -1604.511663922691,
    -1658.2795483881246,
    -1493.2983882029057,
    -1477.1575475966356,
    -1501.3671141817601,
    -1732.1208985064043,
    -1597.167914630087,
    -1663.7889665731236,
    -1318.296459739819,
    -1386.0106900741932,
    -1424.4915887872492,
    -1329.7515673681391,
    -1633.3355486826597,
    -1727.4734594424801,
    -1378.6071617314767,
    -1529.3037292905992,
    -1345.8001984996483,
    -1506.4339875829373,
    -1595.3325984980831,
    -1496.238667892446,
    -1625.4745395320208,
    -1627.970730546211,
    -1381.7123805105223,
    -1479.4752933567436,
    -1491.1274702038388,
    -1587.7495110494776,
    -1672.7488281808244,
    -1640.102863500181,
    -1493.4487371100474,
    -1593.485235527245,
    -1443.1671280483338,
    -1494.4598112279364,
    -1492.340848476985,
    -1641.2344817196722,
    -1729.134039105988,
    -1382.5741612667778,
    -1318.9057160204356,
    -1256.2982484835986,
    -1620.9946137543582
  ],
  "episode_lengths": [
    200,
    200,
    200,
    200,
    200,
    200,
    200,
    200,
    200,
    200,
    200,
    200,
    200,
    200,
    200,
    200,
    200,
    200,
    200,
    200,
    200,
    200,
    200,
    200,
    200,
    200,
    200,
    200,
    200,
    200,
    200,
    200,
    200,
    200,
    200,
    200,
    200,
    200,
    200,
    200,
    200,
    200,
    200,
    200,
    200,
    200,
    200,
    200,
    200,
    200,
    200,
    200,
    200,
    200,
    200,
    200,
    200,
    200,
    200,
    200,
    200,
    200,
    200,
    200,
    200,
    200,
    200,
    200,
    200,
    200,
    200,
    200,
    200,
    200,
    200,
    200,
    200,
    200,
    200,
    200,
    200,
    200,
    200,
    200,
    200,
    200,
    200,
    200,
    200,
    200,
    200,
    200,
    200,
    200,
    200,
    200,
    200,
    200,
    200,
    200
  ],
  "mean_return": -1517.6808288244354,
  "mean_length": 200.0,
  "success_rate": null
}