{
  "env_id": "Pendulum-v1",
  "n_episodes": 100,
  "episode_env_rewards": [
    -1407.9985801692683,
    -1388.580125450964,
    -1301.9008062392236,
    -1387.408188605137,
    -1365.253925308975,
    -1359.200961482089,
    -1365.1360679466707,
    -1339.3508155241807,
    -1338.6647698088593,
    -1402.5548946270071,
    -1359.6023620355154,
    -1368.4116844568098,
    -1371.260003312018,
    -1376.0684359686202,
    -1391.333330302495,
    -1385.105564501537,
    -1367.5200242205933,
    -1404.7966880384029,
    -1398.8934901897146,
    -1367.5343111208692,
    -1375.743291337863,
    -1374.0862261211207,
    -1338.7181391720455,
    -1393.4511556051305,
    -1419.6986794148806,
    -1366.102605838071,
    -1360.0598336461073,
    -1388.4081105071666,
    -1365.6445042337918,
    -1372.9918007463864,
    -1336.6003304358437,
    -1365.6110199279838,
    -1311.738103583036,
    -1366.4095081705043,
    -1417.2491628971702,
    -1337.4300939831448,
    -1349.301706877199,
    -1337.0950860158418,
    -1360.8198866896341,
    -1381.9174472540956,
    -1347.8754751805598,
    -1403.7759498255039,
    -1400.8945481855287,
    -1370.6050496517046,
    -1391.4294289299444,
    -1337.0933199006665,
    -1369.8945197553805,
    -1328.0792715143011,
    -1241.5223433072927,
    -1394.9797158803226,
    -1314.8915702304828,
    -1370.1377755377366,
    -1358.9864373024498,
    -1360.6923886816369,
    -1369.3342436196167,
    -1380.7570065625569,
    -1343.315465347848,
    -1340.0014197241715,
    -1367.5216093208703,
    -1364.7610640747387,
    -1281.477249286213,
    -1363.2662873972236,
    -1388.8347798853367,
    -1337.3948210646615,
    -1357.4116354124726,
    -1381.8524408492003,
    -1371.9232584711217,
    -1337.1265649527484,
    -1368.5404407163774,
    -1368.715364567128,
    -1344.164174416383,
    -1378.778049226782,
    -1365.061899447006,
    -1354.1318995475413,
    -1412.4590895902388,
    -1409.658783679545,
    -1365.5633643066667,
    -1417.1617747910884,
    -1289.9628101675087,
    -1362.4726128514947,
    -1420.3709310358215,
    -1404.1207351298383,
    -1410.1379816355086,
    -1365.2774478642002,
    -1414.833615834833,
    -1377.9035864251907,
    -1363.8281965791089,
    -1366.861899229037,
    -1366.0659599124892,
    -1359.8570929062532,
    -1347.5594343943944,
    -1327.0093297594794,
    -1391.3303612545822,
    -1315.2036907132947,
    -1362.8850059696192,
    -1342.5833827734218,
    -1325.4364651521228,
    -1353.7839721253465,
    -1408.138528538189,
    -1420.3007765655964
  ],
  "episode_lengths": [
    200,
    200,
    200,
    200,
    200,
    200,
    200,
    200,
    200,
    200,
    200,
    200,
    200,
    200,
    200,
    200,
    200,
    200,
    200,
    200,
    200,
    200,
    200,
    200,
    200,
    200,
    200,
    200,
    200,
    200,
    200,
    200,
    200,
    200,
    200,
    200,
    200,
    200,
    200,
    200,
    200,
    200,
    200,
    200,
    200,
    200,
    200,
    200,
    200,
    200,
    200,
    200,
    200,
    200,
    200,
    200,
    200,
    200,
    200,
    200,
    200,
    200,
    200,
    200,
    200,
    200,
    200,
    200,
    200,
    200,
    200,
    200,
    200,
    200,
    200,
    200,
    200,
    200,
    200,
    200,
    200,
    200,
    200,
    200,
    200,
    200,
    200,
    200,
    200,
    200,
    200,
    200,
    200,
    200,
    200,
    200,
    200,
    200,
    200,
    200
  ],
  "mean_return": -1366.2164601872437,
  "mean_length": 200.0,
  "success_rate": null
}