{
  "env_id": "Walker2d-v4",
  "n_episodes": 100,
  "episode_env_rewards": [
    3601.979155461147,
    3638.250845445685,
    3631.5748153986256,
    3704.808845758766,
    3642.3123733204156,
    1692.2802487442505,
    3561.3568662332277,
    3681.1456615354696,
    3569.6450553280615,
    3652.910720894795,
    3596.955507290754,
    3556.5091471463143,
    3552.928227229827,
    3623.0045432526445,
    3649.37397560373,
    3611.043168554363,
    3620.5685815751476,
    3504.164419601902,
    3553.1091024552143,
    3569.7995290120853,
    3445.694056664712,
    3642.9018357253785,
    3642.1890145095067,
    3599.5534107137887,
    3624.694538031915,
    3646.889102385489,
    3572.927811261641,
    1525.7478236958877,
    3615.8361409670956,
    3498.1666116325305,
    3534.374597664482,
    3570.3252291409026,
    3631.017138447815,
    3676.069712185997,
    3584.089293715702,
    3648.762225832211,
    3542.5357305564894,
    3602.7809969450905,
    3530.2512015189163,
    2175.6846391054937,
    3614.9910686313424,
    3667.0953529199414,
    3572.3738216220086,
    3568.7140218920063,
    3641.9657982673384,
    3620.3931850688446,
    3635.289848894037,
    3606.2185022225917,
    3625.9144654465385,
    3630.755548035037,
    3600.5505238375904,
    2873.0227050804606,
    3619.1201657363836,
    3638.0331348250384,
    3574.256333366204,
    3669.3246598858505,
    3523.1792934293326,
    3625.5194599066167,
    3615.456773573916,
    3178.802927459267,
    3588.1917864859656,
    3554.277873118714,
    3663.3834268018863,
    3623.902686928769,
    3563.711902264516,
    3606.8786382497206,
    3600.8581381148233,
    3501.011620319528,
    3594.0833883384544,
    2582.4798452491686,
    1601.9429022815145,
    3654.0794519038013,
    3668.1714630763113,
    2082.381046585227,
    3670.7512357082564,
    3629.494740677441,
    3611.35318203499,
    3625.098046696659,
    3614.1655156018583,
    3588.91654743107,
    3570.8418329679043,
    3601.4797818876254,
    3466.5105978218044,
    3624.3156792083546,
    3556.69719472434,
    3645.9025465580253,
    3630.8562131926165,
    3577.512026344894,
    2562.651884219051,
    3620.4026601811893,
    3604.9640387744575,
    3652.4543891635094,
    3615.6765647151005,
    3612.4822803518373,
    3543.6490578654657,
    1475.874091745813,
    3532.424417481423,
    3621.8655777709705,
    3598.706962472179,
    2964.953234790261
  ],
  "episode_lengths": [
    1000,
    1000,
    1000,
    1000,
    1000,
    507,
    1000,
    1000,
    1000,
    1000,
    1000,
    1000,
    1000,
    1000,
    1000,
    1000,
    1000,
    1000,
    1000,
    1000,
    1000,
    1000,
    1000,
    1000,
    1000,
    1000,
    1000,
    474,
    1000,
    1000,
    1000,
    1000,
    1000,
    1000,
    1000,
    1000,
    1000,
    1000,
    1000,
    626,
    1000,
    1000,
    1000,
    1000,
    1000,
    1000,
    1000,
    1000,
    1000,
    1000,
    1000,
    804,
    1000,
    1000,
    1000,
    1000,
    1000,
    1000,
    1000,
    879,
    1000,
    1000,
    1000,
    1000,
    1000,
    1000,
    1000,
    1000,
    1000,
    727,
    491,
    1000,
    1000,
    616,
    1000,
    1000,
    1000,
    1000,
    1000,
    1000,
    1000,
    1000,
    1000,
    1000,
    1000,
    991,
    1000,
    1000,
    739,
    1000,
    1000,
    1000,
    1000,
    1000,
    1000,
    467,
    1000,
    1000,
    1000,
    826
  ],
  "mean_return": 3453.305439607493,
  "mean_length": 961.47,
  "success_rate": null
}