{
  "env_id": "Walker2d-v4",
  "n_episodes": 100,
  "episode_env_rewards": [
    807.4676331254004,
    565.965275793582,
    570.0497299916271,
    658.605386424307,
    712.8709395332711,
    2498.5459788633534,
    889.5353188801523,
    1147.027611603592,
    510.2424103575992,
    861.5676083287433,
    456.5871675171179,
    610.1631275295096,
    408.0751108688507,
    500.40519706025617,
    388.0299619601718,
    868.4595360091072,
    702.9634929874055,
    804.4689265286063,
    693.3996982807025,
    450.3977876817156,
    599.6348222425347,
    656.2991609775621,
    665.6283670970874,
    519.3391577880142,
    845.4804946448766,
    751.4910901682046,
    575.5909963802749,
    729.1676816261545,
    828.4114152669404,
    567.6590528749941,
    526.170506903397,
    1024.9342382324521,
    451.29264222444067,
    516.9623736554777,
    640.1520779451046,
    2224.1220286033304,
    679.2091977663646,
    699.3833766062769,
    845.974422101021,
    652.4939840070502,
    781.500817930275,
    614.817306305735,
    834.4827925498827,
    368.17306946002213,
    621.0951551563966,
    1064.6958998546083,
    668.7436983641193,
    537.5579668767008,
    652.2148255439726,
    699.5098811681432,
    374.3956195155421,
    581.5598184099405,
    587.5001922036919,
    698.9347284522703,
    444.9507652156207,
    411.15870328405566,
    1551.0823961786225,
    655.8938380231157,
    397.6098930176442,
    824.4631820632723,
    1320.1969619377994,
    903.8879178547061,
    628.0563356299016,
    666.3248990105136,
    971.3697762204546,
    2416.4655213359847,
    661.2829719757809,
    1752.6149544831533,
    1596.1717967173493,
    674.9563233926625,
    825.4768727106884,
    577.9129093916279,
    506.63148374648773,
    438.60277331784135,
    1007.7805442617998,
    566.1793432560048,
    682.628964055722,
    507.4902027534195,
    533.1504107296121,
    830.1834933198696,
    524.679578469579,
    766.8861410090951,
    1467.275521081365,
    647.0755241501998,
    668.7427684289177,
    692.5042437597731,
    546.718184851535,
    831.403699540944,
    1577.131901506387,
    641.7818972030703,
    1409.5064661619704,
    657.5349215815752,
    607.9351864890222,
    678.1664371283117,
    547.8401462231172,
    1319.2750066747435,
    521.2902518878221,
    1436.9116138153315,
    566.1454826134553,
    757.4314541621428
  ],
  "episode_lengths": [
    321,
    273,
    262,
    253,
    293,
    1000,
    385,
    500,
    203,
    303,
    215,
    262,
    217,
    242,
    206,
    343,
    265,
    321,
    315,
    233,
    222,
    271,
    280,
    217,
    314,
    318,
    221,
    316,
    381,
    236,
    240,
    389,
    185,
    254,
    275,
    834,
    285,
    301,
    331,
    274,
    297,
    252,
    342,
    167,
    286,
    447,
    248,
    217,
    281,
    262,
    192,
    256,
    251,
    308,
    220,
    208,
    594,
    283,
    196,
    395,
    517,
    354,
    253,
    292,
    355,
    917,
    288,
    676,
    643,
    307,
    313,
    246,
    244,
    217,
    435,
    259,
    284,
    212,
    271,
    363,
    216,
    295,
    571,
    242,
    258,
    308,
    260,
    372,
    664,
    247,
    575,
    270,
    256,
    281,
    214,
    562,
    239,
    602,
    220,
    322
  ],
  "mean_return": 784.0816641885,
  "mean_length": 326.78,
  "success_rate": null
}